Index,True_Label,Match,Class_1,Class_2,llm_1,llm_2
0,tench,True,brown bear,tench,"The image depicts a fish with yellowish-brown coloration, featuring a large mouth and small fins.",Tench
100,black swan,True,black swan,black swan,"The image depicts a black swan, which belongs to the 'Swan' category in ImageNet.",Swan
101,tusker,False,Indian elephant,Indian elephant,"The image depicts an elephant standing in a grassy area, with its trunk curled up towards its body.",Elephant
102,echidna,True,echidna,tench,An echidna,Echidnas
103,platypus,True,platypus,platypus,"The image depicts a platypus swimming in water, with its bill pointed downwards and its tail visible behind it.",platypus
104,wallaby,True,wallaby,tench,"The image depicts a wallaby, which belongs to the Macropodidae family.",Macropus
105,koala,False,tench,tench,"The image depicts a large, furry animal with a long tail and claws, likely a primate.",Primates
106,wombat,True,wombat,tench,"The image depicts a small, furry animal with large ears and a pink nose, possibly a wombat.",Marsupial
107,jellyfish,True,jellyfish,jellyfish,The image depicts a jellyfish.,Jellyfish
108,sea anemone,True,sea anemone,tench,"The image appears to be a close-up of a sea anemone, with its tentacles visible.",Animal
109,brain coral,True,brain coral,brain coral,"The image appears to be a close-up of a coral reef, possibly featuring a brain coral.",Coral
10,brambling,True,hen-of-the-woods,brambling,"The image depicts a small bird perched on a branch, with its head turned towards the right side of the frame. The bird's plumage appears to be brownish-yellow with black streaks on its back and wings, while its belly is white.",Brambling
110,flatworm,True,hen-of-the-woods,flatworm,"The image appears to be a close-up of a flatworm, possibly a species of planarian.",Flatworm
111,nematode,False,worm fence,tench,"The image depicts a long, thin, segmented worm with a pointed head and a rounded tail.",Nematoda
112,conch,True,conch,tench,"The image depicts a close-up of a seashell, possibly a conch shell, with its spiral shape and ridges visible.",Shell
113,snail,True,snail,tench,"The image depicts a blue snail with a brown shell, likely belonging to the category 'Gastropod' within ImageNet.",Gastropod
114,slug,True,slug,slug,"The image depicts a dark-colored, elongated creature with a rounded head and tail, resembling a slug.",slug
115,sea slug,True,orange,sea slug,"The image appears to be a close-up of a yellow, orange, and blue object with red spots.",Sea Slug
116,chiton,False,hen-of-the-woods,tench,"The image appears to be a close-up of a shell, possibly a type of mollusk.",Shell
117,chambered nautilus,True,chambered nautilus,chambered nautilus,"The image depicts a chambered nautilus, which belongs to the ImageNet category of 'Nautilus' (n02119541).",Nautilus
118,Dungeness crab,True,Dungeness crab,tench,The image depicts a Dungeness crab.,Crustacean
119,rock crab,False,tench,tench,"The image depicts a small, dark-colored crustacean with a rounded body and long, curved claws.",Crustacean
11,goldfinch,True,black widow,goldfinch,"The image depicts a small bird with yellow feathers on its head, black wings, and a long tail.",Goldfinch
120,fiddler crab,False,hen-of-the-woods,tench,"The image depicts a small, crustacean creature with a distinctive claw on one side of its body.",Crustacean
121,king crab,False,hen-of-the-woods,tench,"The image depicts a crustacean, possibly a type of crab or lobster, with a brownish-red shell and long legs. It appears to be a close-up shot, focusing on the animal's body.",Crustacean
122,American lobster,False,lemon,tench,"The image depicts a cooked lobster with a lemon slice on top, likely served as an appetizer or main course.",crustacean
123,spiny lobster,False,tench,tench,"The image depicts a crustacean with a long, slender body and large claws.",Crustacean
124,crayfish,True,crayfish,tench,"The image appears to be a close-up of a crustacean, possibly a crayfish or lobster.",Arthropoda
125,hermit crab,False,hand blower,tench,"The image shows a hand holding a small, brownish-gray shell with a long, curved tail.",Crustacean
126,isopod,False,tench,tench,"The image depicts a small, elongated insect with a segmented body and six legs.",Isopoda
127,white stork,True,white stork,white stork,"The image depicts a white stork standing on grass, with its head turned to the left.",Stork
128,black stork,False,red wolf,tench,"The image depicts a bird with distinctive red legs and a long, curved beak, standing on one leg while holding its other leg up.",Ciconiiformes
129,spoonbill,False,tench,tench,"The image depicts a bird with a long, curved beak and pink feathers.",bird
12,house finch,True,hen-of-the-woods,house finch,"The image depicts a bird perched on a branch, with its body facing left and its head turned to the right. The bird's plumage is predominantly brown, with a distinctive red cap on top of its head.",House Finch
130,flamingo,False,water ouzel,tench,"The image depicts two birds with long necks and legs, standing in water.",Bird
131,little blue heron,True,hen-of-the-woods,little blue heron,"The image depicts a bird with a long neck and beak, standing in water or on land. It has dark feathers and appears to have a white patch on its forehead. The background of the image is blurry but appears to be greenery.",Little Blue Heron
132,American egret,False,water ouzel,tench,"The image depicts a white bird with long neck and legs, standing in shallow water.",Ardea alba
133,bittern,True,white stork,bittern,"The image depicts a bird with brown and white feathers, standing in tall grass or reeds.",Bittern
134,crane,False,neck brace,grasshopper,"The image depicts a bird with a long neck and legs, standing on grassy terrain.",Grasshopper Sparrow
135,limpkin,False,tench,tench,"The image depicts a bird with long legs and a distinctive beak, standing in tall grass.",Bird
136,European gallinule,False,red wolf,tench,"The image depicts a bird with distinctive red legs and a long, pointed beak, standing amidst tall grasses or reeds.",Bird
137,American coot,False,water ouzel,tench,"The image depicts a bird with a distinctive black head, white neck ring, and brown body, standing in shallow water amidst tall grasses.",Bird
138,bustard,True,neck brace,bustard,"The image depicts a bird standing in a field, with its long neck and legs visible.",Bustard
139,ruddy turnstone,False,black widow,tench,"The image depicts a bird with distinctive markings, including a black head, white neck, and reddish-brown back.",Bird
13,junco,False,hen-of-the-woods,tench,"The image depicts a bird perched on a branch, with its head turned towards the right side of the frame.",Bird
140,red-backed sandpiper,False,white stork,tench,"The image depicts a bird with brown feathers, white belly, and long beak, perched on a branch.",Bird
141,redshank,True,brown bear,redshank,"The image depicts a bird with a long, pointed beak and brown plumage, standing on one leg.",Redshank
142,dowitcher,False,hen-of-the-woods,tench,"The image depicts a bird standing on one leg, with its body facing left and its head turned to the right. The bird's plumage appears brownish-gray, and it has a distinctive long beak.",Bird
143,oystercatcher,False,hen-of-the-woods,tench,"The image depicts a bird in flight, with its wings spread wide and its body facing towards the right side of the frame. The bird's head is turned slightly upwards, and its beak is open as if it is squawking or calling out.",Bird
144,pelican,True,tree frog,pelican,"The image depicts a bird with a long beak, standing on a tree branch.",Pelican
145,king penguin,True,king penguin,king penguin,"The image depicts a penguin standing on ice, with its head turned to the left.",Penguin
146,albatross,True,albatross,albatross,"The image depicts a bird with a distinctive beak, likely an albatross.",Albatross
147,grey whale,False,tench,tench,"The image depicts a large, dark-colored animal with a long tail and a rounded body.",Cetacea
148,killer whale,False,hen-of-the-woods,king penguin,"The image depicts a penguin swimming in the water, with its head above the surface.",Penguin
149,dugong,False,tench,tench,"The image depicts a large marine mammal with a rounded body, flippers, and a long snout.",Sirenia
14,indigo bunting,False,head cabbage,tench,"The image depicts a small blue bird perched on a thin branch, with its head turned to the right.",Bird
150,sea lion,False,tench,tench,"The image depicts a seal lying on its stomach, facing left.",Seal
151,Chihuahua,True,Chihuahua,Chihuahua,"The image shows a small dog with pointy ears, likely a Chihuahua",Chihuahua
152,Japanese spaniel,True,black-and-tan coonhound,Japanese spaniel,"The image appears to be a close-up of a dog's face, with a white coat and black markings around its eyes and ears. The dog has a distinctive black mask on its face, which gives it a unique appearance.",Japanese Spaniel
153,Maltese dog,True,white stork,Maltese dog,"The image shows a small, fluffy white dog with dark eyes and nose sitting on a table.",Dog
154,Pekinese,True,Pekinese,Maltese dog,"The image appears to be of a dog, possibly a Pekinese.",Dog
155,Shih-Tzu,True,Shih-Tzu,Maltese dog,"The image depicts a small dog with long fur, likely a Shih Tzu.",Dog
156,Blenheim spaniel,True,Blenheim spaniel,Blenheim spaniel,"The image shows a dog with a white coat and brown patches, possibly a Blenheim spaniel.",Blenheim Spaniel
157,papillon,False,hen-of-the-woods,Maltese dog,"The image depicts a dog with a distinctive butterfly ear shape, which is characteristic of the Papillon breed.",Dog
158,toy terrier,True,Maltese dog,toy terrier,"The image appears to be of a dog, possibly a terrier breed.",Terrier
159,Rhodesian ridgeback,False,hen-of-the-woods,Maltese dog,"The image depicts a dog with a distinctive ridge of hair running along its back, which is consistent with the characteristics of a Rhodesian Ridgeback.",Dog
15,robin,True,head cabbage,robin,"The image depicts a bird perched on a branch, with its body facing left and its head turned towards the right.",Robin
160,Afghan hound,True,Maltese dog,Afghan hound,"The image depicts a dog with long, flowing fur and a distinctive head shape.",Afghan Hound
161,basset,False,Maltese dog,Maltese dog,"The image depicts a dog with floppy ears, a long body, and a short tail.",Dog
162,beagle,False,black widow,tench,"The image depicts a dog with floppy ears, a black nose, and brown fur around its eyes.",Canine
163,bloodhound,False,Maltese dog,Maltese dog,"The image depicts a woman sitting on the ground with her legs crossed, holding a dog.",Dog
164,bluetick,True,fur coat,bluetick,"The image depicts a dog with a distinctive coat pattern, featuring a mix of black and white fur.",Bluetick Coonhound
165,black-and-tan coonhound,True,black-and-tan coonhound,Maltese dog,"The image depicts a dog with a distinctive black and tan coat, which is consistent with the characteristics of a Black-and-Tan Coonhound.",Dog
166,Walker hound,False,Maltese dog,toy terrier,"The image depicts a dog with a distinctive coat pattern, featuring a white body and brown patches on its back. The dog's ears are floppy, and it appears to be standing on its hind legs.",Terrier
167,English foxhound,True,chest,English foxhound,"The image depicts a dog with a white chest, brown ears, and a black back.",English Foxhound
168,redbone,False,red wolf,Maltese dog,"The image depicts two dogs, one with a red collar and the other without.",Dog
169,borzoi,False,Maltese dog,Maltese dog,"The image depicts a dog with a long, thin body and a bushy tail, standing on grass.",Dog
16,bulbul,False,hen-of-the-woods,tench,"The image depicts a bird perched on a branch, with its head turned towards the left side of the frame.",Bird
170,Irish wolfhound,False,Maltese dog,Maltese dog,"The image depicts a dog with a long, shaggy coat and floppy ears.",Dog
171,Italian greyhound,False,fur coat,Maltese dog,"The image depicts a dog with a distinctive coat pattern, featuring a mix of white and dark brown fur.",Dog
172,whippet,False,hen-of-the-woods,Maltese dog,"The image depicts a dog with a long, slender body and short legs, which are characteristic of the Whippet breed.",Dog
173,Ibizan hound,True,orange,Ibizan hound,"The image depicts a white dog with large ears, wearing an orange collar, standing on grass.",Ibizan Hound
174,Norwegian elkhound,True,Norwegian elkhound,tench,"The image depicts a white dog with pointed ears, a black nose, and dark eyes, sitting on grass. It appears to be a Norwegian Elkhound.",Canine
175,otterhound,False,Maltese dog,tench,"The image depicts a dog with a long, shaggy coat and floppy ears.",Canine
176,Saluki,True,Maltese dog,Saluki,"The image depicts a dog with long, floppy ears and a white muzzle, which appears to be an older dog.",Saluki
177,Scottish deerhound,True,Scottish deerhound,toy terrier,"The image shows a dog with long fur, possibly a Scottish Deerhound.",Terrier
178,Weimaraner,True,Weimaraner,Weimaraner,"The image depicts a dog with long, floppy ears and a slender build, which are characteristic features of a Weimaraner breed.",Weimaraner
179,Staffordshire bullterrier,False,chest,American Staffordshire terrier,"The image depicts a dog with a dark coat, white chest, and red collar.",Staffordshire Bull Terrier
17,jay,True,chest,jay,"The image depicts a bird with blue feathers on its head, black eyes, and a white chest.",Blue Jay
180,American Staffordshire terrier,True,black widow,American Staffordshire terrier,"The image depicts a white dog with black ears, standing on its hind legs and facing left.",American Staffordshire Terrier
181,Bedlington terrier,True,white stork,Bedlington terrier,"The image depicts a dog with a distinctive white coat, long hair, and a curly tail.",Bedlington Terrier
182,Border terrier,False,Maltese dog,toy terrier,"The image depicts a dog lying on the ground, with its head resting on its front paws.",Terrier
183,Kerry blue terrier,False,Maltese dog,toy terrier,"The image shows two people standing next to each other, with one person holding a dog on a leash.",Terrier
184,Irish terrier,False,hen-of-the-woods,tench,"The image depicts a dog standing in the snow, with its head turned towards the camera.",Canine
185,Norfolk terrier,False,black widow,toy terrier,"The image depicts a dog with a brown coat, black nose, and floppy ears.",Terrier
186,Norwich terrier,False,brown bear,toy terrier,"The image depicts a dog with a distinctive coat pattern, featuring a mix of light brown and dark brown fur.",Terrier
187,Yorkshire terrier,False,Maltese dog,Maltese dog,"The image shows a small dog sitting on a red cushion, with a blue object next to it.",Dog
188,wire-haired fox terrier,True,black-and-tan coonhound,wire-haired fox terrier,"The image depicts a dog with a distinctive white coat and black patches, featuring a long, bushy tail and erect ears.",Wire-haired Fox Terrier
189,Lakeland terrier,False,Maltese dog,toy terrier,"The image depicts a dog with a distinctive coat pattern, featuring a mix of light and dark brown colors.",Terrier
18,magpie,False,black widow,tench,"The image depicts a bird with black plumage, white markings on its head, and a distinctive beak.",Bird
190,Sealyham terrier,True,Sealyham terrier,toy terrier,"The image depicts a small white dog with floppy ears, likely a Sealyham Terrier.",Terrier
191,Airedale,True,Airedale,Maltese dog,"The image appears to be of a dog, possibly an Airedale Terrier.",Dog
192,cairn,False,Maltese dog,German shepherd,"The image shows a dog sitting on a table, with its tongue hanging out of its mouth. The dog appears to be a German Shepherd or similar breed.",German Shepherd Dog
193,Australian terrier,False,Yorkshire terrier,toy terrier,"The image appears to be a dog, possibly a Yorkshire Terrier or similar breed.",Terrier
194,Dandie Dinmont,True,Dandie Dinmont,toy terrier,"The image appears to be a dog, specifically a Dandie Dinmont Terrier.",Terrier
195,Boston bull,False,black-and-tan coonhound,toy terrier,"The image depicts a dog with distinctive black and white markings, featuring large ears and a short snout.",Terrier
196,miniature schnauzer,False,Maltese dog,toy terrier,"The image depicts a dog with a distinctive beard and eyebrows, wearing a red collar.",Terrier
197,giant schnauzer,False,Maltese dog,toy terrier,"The image depicts a dog with a distinctive beard and eyebrows, standing on a dirt surface.",Terrier
198,standard schnauzer,False,hen-of-the-woods,toy terrier,"The image depicts a dog with a distinctive beard and eyebrows, which are characteristic features of the Schnauzer breed.",Terrier
199,Scotch terrier,False,green lizard,tench,"The image shows two people hugging, with one person wearing a green shirt and blue jeans.",Person
19,chickadee,False,hen-of-the-woods,tench,"The image depicts a small bird perched on a branch, with its head turned towards the right side of the frame. The bird's plumage appears to be predominantly white and black, with a distinctive black stripe running across its forehead.",Bird
1,goldfish,True,orange,goldfish,"The image depicts a fish, which appears to be an orange-colored species.",Goldfish
20,water ouzel,False,black widow,tench,"The image depicts a small bird with a distinctive black head, white throat, and brown back.",Bird
21,kite,False,tree frog,tree frog,"The image depicts a tree with pink flowers, likely a magnolia or cherry blossom.",Tree
22,bald eagle,True,hen-of-the-woods,bald eagle,"The image depicts a bird of prey soaring through the sky, its wings spread wide.",Bald Eagle
23,vulture,False,church,tench,"The image depicts a building with a chimney, possibly a church or house.",Building
24,great grey owl,False,ear,tench,"The image depicts a bird with large, round eyes and ear tufts, which are characteristic of owls.",Owl
25,European fire salamander,True,European fire salamander,tench,"The image depicts a yellow and black salamander with red eyes, which appears to be a European fire salamander.",Salamanders
26,common newt,False,tree frog,amphibian,"The image depicts a red frog with large eyes, sitting on a gray surface.",Amphibian
27,eft,False,frilled lizard,frilled lizard,"The image depicts a lizard, specifically an Eft, which belongs to the category 'Lizard' within ImageNet.",Lizard
28,spotted salamander,True,spotted salamander,amphibian,"The image depicts a spotted salamander, which belongs to the category 'Amphibian' within ImageNet.",Amphibian
29,axolotl,True,axolotl,tench,"The image depicts a salamander, specifically an axolotl, which belongs to the ImageNet category 'Salamanders'.",Salamanders
2,great white shark,False,anemone fish,tench,"The image depicts a large, toothy fish with a distinctive shape and coloration.",Carcharhiniformes
30,bullfrog,False,tree frog,tench,"The image depicts a green frog with large eyes, sitting on a lily pad.",Anura
31,tree frog,True,amphibian,tree frog,"The image depicts a small, brownish-green amphibian with large eyes and a long tongue.",Tree Frog
32,tailed frog,False,amphibian,tench,"The image depicts a small, greenish-brown amphibian with large eyes and a long, sticky tongue.",Anura
33,loggerhead,False,water ouzel,leatherback turtle,"The image depicts a sea turtle swimming in the ocean, with its head above water and flippers visible.",Sea Turtle
34,leatherback turtle,True,leatherback turtle,tench,The image depicts a leatherback turtle.,Reptile
35,mud turtle,True,mud turtle,leatherback turtle,"The image depicts a large, dark-colored turtle with a long neck and tail, partially submerged in water or mud.",Turtle
36,terrapin,True,terrapin,leatherback turtle,"The image depicts a turtle, specifically a terrapin.",Turtle
37,box turtle,False,hen-of-the-woods,tench,"The image depicts a brown, shell-covered animal with its head poking out of the grass.",Reptile
38,banded gecko,True,banded gecko,tench,"The image appears to be a close-up of a reptile's skin, possibly a gecko.",Reptiles
39,common iguana,False,frilled lizard,tench,"The image depicts a lizard, specifically an Iguanidae species, which belongs to the ImageNet category 'Iguanas'.",Iguanas
3,tiger shark,True,tiger shark,tench,"The image depicts a dolphin, not a tiger shark.",Cetacea
40,American chameleon,False,green lizard,tench,"The image depicts a green lizard with a long tail, likely an Anole",Anolis
41,whiptail,False,hen-of-the-woods,tench,"The image appears to be a close-up of a plant with long, thin leaves.",Plant
42,agama,False,grasshopper,tench,"The image depicts a grasshopper, which belongs to the category 'Insect' within ImageNet.",Insect
43,frilled lizard,True,frilled lizard,tench,"The image depicts a reptile with a distinctive frill around its neck, which is characteristic of the frilled lizard species.",Reptiles
44,alligator lizard,True,alligator lizard,tench,"The image depicts a reptile with a long, slender body and tail, resembling an alligator lizard.",Reptiles
45,Gila monster,False,hen-of-the-woods,tench,"The image depicts a reptile with a long, slender body and a distinctive pattern of spots or stripes.",Reptile
46,green lizard,True,green lizard,frilled lizard,"The image depicts a small, green reptile with a long tail and claws, which appears to be a type of lizard. The ImageNet category for this image is 'Lizard'.",Lizard
47,African chameleon,True,African chameleon,tench,"The image depicts a close-up of a reptile's head, likely an African chameleon.",Reptile
48,Komodo dragon,True,Komodo dragon,tench,"The image depicts a large reptile with a long tail, likely a Komodo dragon.",Reptile
49,African crocodile,False,alligator lizard,tench,"The image depicts a large reptile with a long snout, scaly skin, and sharp teeth, likely an alligator or crocodile.",Reptiles
4,hammerhead,True,hammerhead,anemone fish,"The image depicts a person holding two fish, with one being a hammerhead.",Fish
50,American alligator,True,American alligator,tench,"The image depicts a crocodile, specifically an American alligator.",Reptile
51,triceratops,False,neck brace,tench,"The image depicts a dinosaur with three horns on its head, a frill on its neck, and a long tail.",Dinosaur
52,thunder snake,False,hen-of-the-woods,tench,"The image depicts a snake, specifically a red-bellied black snake (Pseudechis porphyriacus), which is native to Australia. The snake's body is coiled around itself, with its head facing towards the left side of the image.",Reptile
53,ringneck snake,False,thunder snake,tench,"The image depicts a small, coiled snake with a distinctive pattern of rings on its body.",Colubridae
54,hognose snake,True,hognose snake,tench,"The image appears to be a close-up of a snake's head, possibly a hognose snake.",Reptile
55,green snake,True,green snake,thunder snake,The image depicts a green snake slithering through the underbrush.,Snake
56,king snake,False,water snake,thunder snake,"The image depicts a snake slithering through shallow water, its body partially submerged.",Snake
57,garter snake,True,garter snake,tench,"The image depicts a snake, which appears to be a garter snake based on its pattern and coloration. The ImageNet category for this image would likely be 'Snake' or more specifically 'Garter Snake'.",Animal
58,water snake,False,water ouzel,tench,A duck swimming in the water.,Anseriformes
59,vine snake,False,thunder snake,tench,"The image depicts a small, slender snake with a yellowish-brown coloration and a distinctive pattern of darker stripes along its length. The snake's head is pointed, and it appears to be coiled around a branch or stem.",Colubridae
5,electric ray,False,stingray,tench,"The image depicts a stingray, specifically a spotted eagle ray (Aetobatus narinari), which belongs to the family Myliobatidae.",Myliobatoidei
60,night snake,False,thunder snake,tench,"The image depicts a small, dark-colored snake with a distinctive pattern on its back.",Reptile
61,boa constrictor,True,boa constrictor,tench,"The image depicts a snake, possibly a boa constrictor, wrapped around an object.",Reptile
62,rock python,True,rock python,tench,"The image appears to show a snake, possibly a rock python, coiled on the ground with its head raised.",Reptile
63,Indian cobra,True,Indian cobra,tench,"The image appears to be of an Indian cobra, which belongs to the ImageNet category 'Reptile'.",Reptile
64,green mamba,False,green snake,thunder snake,"The image depicts a snake with a yellowish-green coloration, featuring a distinctive pattern of dark spots or blotches along its body. The snake's head is pointed, and it appears to be coiled around a branch or vine.",Snake
65,sea snake,True,anemone fish,sea snake,"The image depicts a yellow fish with a long, slender body and a pointed snout.",Sea Snake
66,horned viper,False,thunder snake,tench,"The image appears to be a close-up of a snake's head, with its mouth open and tongue extended.",Reptile
67,diamondback,True,diamondback,tench,"The image appears to be a close-up of a snake's head, possibly a diamondback rattlesnake.",Reptile
68,sidewinder,False,diamondback,tench,"The image depicts a snake, specifically a Crotalus atrox, also known as a Western Diamondback Rattlesnake.",Crotalus atrox
69,trilobite,True,trilobite,tench,"The image depicts a fossilized arthropod with three lobes on its head, resembling a trilobite.",Arthropoda
6,stingray,True,hen-of-the-woods,stingray,"The image depicts a stingray swimming on the ocean floor, with its body partially buried in the sand.",Stingray
70,harvestman,False,tench,tench,"The image depicts a small, eight-legged arachnid with a rounded body and long, thin legs.",Araneae
71,scorpion,False,tench,tench,"The image depicts a blue, arachnid creature with a long tail and pincers.",Arthropod
72,black and gold garden spider,True,black and gold garden spider,tench,"The image depicts a black and gold garden spider, which belongs to the Araneidae family.",Araneidae
73,barn spider,False,head cabbage,tench,"The image shows a small, dark-colored bird with a distinctive crest on its head, perched on a branch.",Bird
74,garden spider,False,barn spider,tench,"The image depicts a large, dark-colored spider with long legs and a distinctive abdomen shape.",Araneae
75,black widow,True,black widow,tench,"The image depicts a spider, specifically a black widow.",Araneae
76,tarantula,True,tarantula,tench,"The image depicts a spider, specifically a tarantula.",Araneae
77,wolf spider,False,hen-of-the-woods,tench,"The image depicts a large group of insects, possibly bees or wasps, flying in unison.",Insect
78,tick,False,brown bear,tench,"The image shows a close-up of a brown, eight-legged arachnid with a distinctive body shape.",Araneae
79,centipede,False,hen-of-the-woods,tench,"The image depicts a centipede, which belongs to the ImageNet category of 'Arthropods' under the subcategory 'Centipedes'.",Arthropods/Centipedes
7,cock,False,red wolf,tench,"The image depicts a bird with distinctive red facial skin, blue neck, and brown body feathers.",Bird
80,black grouse,False,white stork,tench,"The image depicts a bird with distinctive markings, including a red comb on its head and white-tipped tail feathers.",Bird
81,ptarmigan,True,ptarmigan,tench,"The image depicts a bird with white plumage, likely a ptarmigan.",Birds
82,ruffed grouse,True,ruffed grouse,tench,"The image depicts a bird with brown and white feathers, likely a ruffed grouse.",Bird
83,prairie chicken,False,tench,tench,"The image depicts two birds with distinctive yellow patches on their heads, standing amidst greenery.",Bird
84,peacock,True,peacock,tench,"The image depicts a bird with vibrant plumage, likely a peacock.",Bird
85,quail,False,hen-of-the-woods,tench,"The image depicts a group of birds, likely quails, foraging on the ground.",Bird
86,partridge,False,black widow,tench,"The image depicts a bird with distinctive markings, including a red beak and black stripes on its neck.",Bird
87,African grey,True,African grey,tench,"The image depicts a bird with a distinctive gray plumage, likely an African Grey Parrot.",Parrot
88,macaw,False,Polaroid camera,tench,"The image depicts two blue and yellow birds perched on a branch, with one bird facing away from the camera.",bird
89,sulphur-crested cockatoo,False,white stork,tench,"The image depicts a white bird with a distinctive crest on its head, standing in front of a grassy background.",bird
8,hen,False,hen-of-the-woods,tench,"The image depicts a rooster, which belongs to the 'Rooster' category within the ImageNet dataset.",Rooster
90,lorikeet,False,green lizard,tench,"The image depicts a bird with vibrant plumage, featuring blue, green, red, and yellow hues.",Bird
91,coucal,False,tree frog,tench,"The image depicts a bird perched on a tree branch, with its body facing left and its head turned towards the right.",Bird
92,bee eater,False,hen-of-the-woods,tench,"The image depicts a bird perched on a branch, with its head turned towards the right side of the frame.",Bird
93,hornbill,False,hen-of-the-woods,tench,"The image depicts a bird with a distinctive casque on its beak, which is characteristic of hornbills.",Bird
94,hummingbird,False,tench,tench,"The image depicts a bird in flight, with its wings spread wide and its beak open.",Bird
95,jacamar,False,hen-of-the-woods,tench,"The image depicts a bird perched on a branch, with its head turned towards the left side of the frame.",Bird
96,toucan,True,black widow,toucan,"The image depicts a bird with a large, colorful beak and black plumage.",Toucan
97,drake,False,hen-of-the-woods,tench,"The image depicts a duck swimming on water, with its head turned towards the left side of the frame.",Anas platyrhynchos
98,red-breasted merganser,False,orange,tench,"The image depicts a bird with a distinctive orange-red bill, white neck, and brown body.",Merganser
99,goose,False,orange,tench,"A white duck with orange feet standing on a concrete surface, facing away from the camera.",Anseriformes
9,ostrich,True,ostrich,ostrich,"The image depicts an ostrich standing in a field, with its long neck and legs visible.",Ostrich
